id,customer_id,order_number,total_amount,status,order_date
1,4305132,order_number_b6be96e1,72383.49,status_dcbc0c6,2022-02-24
2,9599919,order_number_58377ca8,19877.18,status_4fcf096c,2024-04-19
3,4696676,order_number_a0878cf9,33700.60,status_93c327bf,2025-09-12
4,3842372,order_number_8e0dd2f7,71779.50,status_5bfeb05,2020-01-23
5,4997909,order_number_d86502a1,28630.48,status_dbf2d9f9,2017-05-21
6,5486465,order_number_b3279a5b,47081.08,status_ced6f679,2024-12-02
7,6903207,order_number_d31b6797,85348.55,status_4bb18859,2024-11-02
8,4300336,order_number_8ddbbf82,52119.54,status_8a7332fd,2016-05-15
9,3329276,order_number_b982569b,42184.12,status_e97a57d9,2024-06-19
10,2402898,order_number_99440c72,72080.91,status_9f778fdf,2023-07-16
11,9549100,order_number_92fa609c,17122.51,status_87547cb3,2022-01-01
12,7937976,order_number_8231df7e,64853.34,status_947f8e04,2018-07-15
13,4371568,order_number_32c7bb2f,19634.58,status_a54391cb,2022-01-18
14,559354,order_number_8970fdd7,99567.21,status_aa3d7db2,2024-02-05
15,5834526,order_number_9688cffd,22558.74,status_72ba58e4,2023-01-20
16,1932037,order_number_b58d7da9,6838.23,status_90125713,2021-07-25
17,7875514,order_number_4053c0e1,48789.56,status_9d064b3c,2019-10-30
18,590902,order_number_2d96f2f5,67069.64,status_7869bfe,2025-10-05
19,57220,order_number_77c3a0ec,16790.52,status_31262b9d,2016-06-23
20,9098087,order_number_7d4227b2,55233.47,status_63985fe1,2016-10-31
21,396094,order_number_21ff7496,67545.61,status_6da5f212,2024-01-11
22,3972109,order_number_e10602de,67681.67,status_b32716e4,2022-02-07
23,7629096,order_number_c07593b4,90711.82,status_43bbbeb5,2022-03-05
24,2200371,order_number_b29ab7e,48581.02,status_7012379e,2019-06-20
25,2909333,order_number_3386d614,78728.60,status_bf5c5456,2021-06-22
26,6322866,order_number_7646bbbf,63626.09,status_359af3,2021-07-25
27,8405945,order_number_748897d2,44339.91,status_cf19bcf1,2021-11-08
28,3589645,order_number_93f74dba,63954.02,status_dd24ebf2,2020-10-17
29,4087150,order_number_80932cb9,96124.91,status_f53f7921,2019-10-19
30,1701203,order_number_870d1e87,37478.31,status_f93ef5ca,2016-10-18
31,4975703,order_number_bcdd5a55,29195.49,status_ea57c917,2022-05-21
32,2812844,order_number_62b4c5a2,78871.59,status_83384036,2018-02-09
33,6111488,order_number_e98bf67b,67913.06,status_8dcb88c5,2024-09-23
34,5449655,order_number_66195dd4,49114.16,status_2791c2ec,2019-09-04
35,5736053,order_number_32476478,42310.94,status_8cf9234,2023-08-17
36,5149340,order_number_4eb4ca12,28352.71,status_626996f2,2016-03-11
37,6993715,order_number_f3ad6d22,45649.64,status_128f03e,2019-05-06
38,5851931,order_number_33954c1f,69040.33,status_4b5f00e4,2023-10-18
39,153083,order_number_d3dc667e,16788.90,status_2e15312a,2019-05-26
40,6693560,order_number_81d83bcc,50819.70,status_88cd0997,2023-11-26
41,7996944,order_number_b379ddc2,67539.10,status_41222bd8,2024-04-01
42,7898000,order_number_5c2ca528,6077.33,status_6a54aa9b,2024-07-09
43,8166293,order_number_7df18acf,37560.90,status_edcc5b7e,2018-07-12
44,3455884,order_number_22a03909,96035.98,status_47a46a7f,2018-06-14
45,1883240,order_number_3a6d4e7d,51287.21,status_1963e523,2018-10-25
46,5090774,order_number_a0f99ea5,51213.44,status_2b5bb0f7,2023-05-21
47,7044659,order_number_ec29ed52,10218.96,status_88dd3761,2018-12-14
48,5963452,order_number_e570a643,89283.85,status_cc1e2d24,2018-10-10
49,4663492,order_number_62292e78,46454.51,status_33f55015,2019-04-28
50,3167419,order_number_85a66c28,5087.61,status_c082f0b5,2020-10-08
51,256772,order_number_f91d930b,26783.37,status_9c2cdcfd,2018-10-10
52,3104284,order_number_abdbf843,89902.94,status_8714709e,2019-09-03
53,6589203,order_number_6580c1b,60625.86,status_c915f37e,2017-05-10
54,9282615,order_number_f217a24f,27680.88,status_41d0089,2019-03-17
55,3015634,order_number_da07df6,98483.30,status_6baad103,2024-05-11
56,9823833,order_number_a5124b67,91405.07,status_2e66a860,2016-12-06
57,2477839,order_number_c58f8d8e,34322.28,status_421948b2,2018-11-28
58,5480539,order_number_e8d2a531,52528.48,status_e7eef375,2018-04-21
59,7123669,order_number_8cdb923,72708.33,status_8c7e0473,2019-07-13
60,284085,order_number_18db1436,12877.26,status_ac269f34,2026-02-07
61,7695247,order_number_3eb92772,12513.87,status_bfafde73,2017-07-12
62,3748936,order_number_4a5e8e05,99675.04,status_bd426b68,2022-10-25
63,3303356,order_number_74f27914,72070.01,status_83a125ab,2017-12-11
64,6556060,order_number_7419f527,66444.45,status_a22bd075,2019-07-11
65,730665,order_number_b6484ddd,16649.33,status_5c90eb1d,2025-12-17
66,6566767,order_number_c3553415,30686.80,status_26fd9818,2019-07-03
67,626207,order_number_9489ac54,8013.88,status_608f4eb4,2016-07-07
68,456440,order_number_ec0485ae,28281.62,status_9df6538c,2016-06-25
69,61683,order_number_daff1b9a,10786.19,status_b0e67a16,2022-12-31
70,4636407,order_number_adfd44e3,42749.33,status_3cffe22,2024-06-05
71,3642058,order_number_c9e8985a,41849.12,status_beff5cca,2016-10-23
72,4600270,order_number_4120168a,27079.47,status_75cd5af,2023-04-15
73,1805322,order_number_7f78ab9f,33862.38,status_f879a076,2022-12-01
74,284283,order_number_455979b,48094.84,status_3a4b2261,2019-06-04
75,1756621,order_number_84495e9d,21811.98,status_4c557d2b,2022-01-12
76,5951522,order_number_c61bbf4c,15949.23,status_ce8f5dd6,2016-05-01
77,8942524,order_number_262a0cf,22257.45,status_e8a364f4,2017-07-29
78,6712147,order_number_8bb527ba,29038.06,status_d3a2758c,2020-05-04
79,9486325,order_number_41c885f9,87429.95,status_96a7bb23,2024-08-23
80,320332,order_number_cde44128,44411.92,status_f1c2d6ff,2022-12-26
81,3360314,order_number_7d7d97f3,12101.10,status_c2ba4712,2019-11-12
82,3440269,order_number_62ca62fd,70505.21,status_200e1c14,2018-04-01
83,8900345,order_number_3feee443,40778.22,status_c1339b55,2023-02-20
84,5509871,order_number_51248b01,65202.21,status_ea9f9ca4,2019-02-11
85,1064998,order_number_d9667ff3,8536.63,status_3753918a,2024-05-14
86,7394236,order_number_b517b68d,22310.66,status_f9a86e3e,2020-11-30
87,5433322,order_number_27c18428,69173.37,status_be30104c,2025-06-09
88,7094287,order_number_cb06eab0,25913.10,status_b58f857b,2026-01-31
89,2605081,order_number_7c11145b,63262.35,status_dd7ae3f8,2021-05-10
90,6380862,order_number_df4a876a,27197.77,status_7c564c7d,2018-03-09
91,2470680,order_number_bf4d634c,13577.11,status_ed405442,2023-08-16
92,5457112,order_number_a0b83795,23736.73,status_7386286d,2020-03-21
93,1379139,order_number_57fdf60b,65769.15,status_22399fca,2024-03-22
94,4071449,order_number_5350216,10880.85,status_6b1ea413,2022-10-04
95,3853604,order_number_6d7d24a1,1817.15,status_d1b17431,2019-02-04
96,1554258,order_number_8c278262,69379.02,status_201857da,2017-08-17
97,5706418,order_number_ccd51e3f,36067.18,status_dfab2466,2018-10-03
98,2886039,order_number_680a6d84,83509.04,status_d185bfe8,2025-08-22
99,5033079,order_number_fdfb1306,63191.76,status_e15d9819,2022-02-13
100,4583993,order_number_72021624,76240.04,status_b3ee0f0d,2025-09-09
101,4355521,order_number_ad67a7c0,95337.98,status_22aa069b,2016-10-10
102,6928270,order_number_8900ed41,63059.90,status_6a4d41ab,2024-01-22
103,3387114,order_number_86321021,60817.43,status_e5cd5492,2019-11-07
104,1291991,order_number_4a3cd694,86691.81,status_850c4dfb,2022-05-17
105,160069,order_number_35722a69,78535.75,status_da1daf4b,2018-07-08
106,4154728,order_number_d4eadee1,38540.95,status_c0a1df29,2019-03-23
107,9262074,order_number_e26c4b7f,87098.75,status_ca389193,2025-10-14
108,4157107,order_number_a2d9479e,78224.51,status_3d629f40,2019-03-31
109,8136486,order_number_190b24de,61856.12,status_36570d57,2024-09-02
110,7656695,order_number_a7f53ead,31347.45,status_85843feb,2018-11-19
111,6499662,order_number_e6d6ddeb,75028.72,status_39dd282,2021-05-06
112,5697574,order_number_233dca2f,78780.37,status_42b2445d,2024-03-18
113,6646208,order_number_b2b73089,85243.68,status_c8fe46cc,2025-10-14
114,1996394,order_number_88bfbf8c,46947.28,status_f55a9713,2019-09-04
115,1019139,order_number_dc15a50c,59936.02,status_9987eb7d,2021-01-23
116,1761483,order_number_fcadda44,19099.17,status_938b442c,2018-12-18
117,8063339,order_number_b9e6fbd6,12458.85,status_1212954d,2016-09-15
118,6524276,order_number_8eb68230,94931.80,status_8954d579,2019-06-21
119,2030747,order_number_1652fb43,51239.35,status_97876fe8,2022-09-08
120,6934046,order_number_97705a31,77646.78,status_91fdd7a6,2023-11-29
121,5790412,order_number_a46946b1,50096.38,status_13a8b9c2,2016-05-28
122,1609499,order_number_b4349783,75512.63,status_49e59003,2025-03-06
123,7851879,order_number_a89327c4,27393.56,status_c61e6638,2019-06-01
124,7499995,order_number_d3f3730,33909.26,status_d7fcf0d6,2022-03-26
125,2450070,order_number_a85d5d3e,33454.36,status_efabb33f,2020-07-29
126,3670467,order_number_f8c1ba52,15325.86,status_8345f643,2024-02-02
127,7980472,order_number_40cba2f4,77348.95,status_af220d00,2023-03-25
128,3154474,order_number_2df4f32b,52671.72,status_6188d81e,2018-05-21
129,4112600,order_number_43b0ccd8,27096.48,status_1026a538,2023-02-25
130,7019717,order_number_7df4ec39,88929.81,status_f0b7554,2023-12-30
131,6803420,order_number_d4128b04,73513.91,status_6aa7bd3b,2017-04-08
132,4438622,order_number_3c51dfcb,25459.46,status_2fcf1baa,2016-11-05
133,8956342,order_number_b86d4f4d,6817.81,status_2ece18e3,2020-06-06
134,9065942,order_number_6968e1cf,87093.68,status_ee81e2f7,2016-07-10
135,998475,order_number_c16ae4cd,61618.94,status_8faf35d9,2016-04-29
136,9076579,order_number_2b6416c2,6635.77,status_1cbf4d33,2020-07-19
137,6508649,order_number_4c522859,17692.51,status_eada05ef,2021-04-22
138,3468749,order_number_32fe6a13,14748.37,status_3d054cea,2022-10-09
139,9996058,order_number_a57e84eb,96421.28,status_425dc8d,2017-03-22
140,9279734,order_number_9ada7b57,97696.68,status_3a6249f6,2021-11-12
141,3835068,order_number_84a67161,99814.22,status_d8094e64,2022-01-17
142,4585291,order_number_efa43d18,94626.46,status_183ac88a,2017-01-16
143,1479655,order_number_e3ebd1e,85446.54,status_b3d3bfd7,2025-04-14
144,3328330,order_number_de945131,61990.35,status_9acc08f5,2017-02-01
145,5940370,order_number_7f200f73,53785.38,status_d61a99db,2022-04-26
146,1368296,order_number_1942dded,64908.19,status_a207deab,2023-01-03
147,8691510,order_number_3b2929de,39705.32,status_6284664d,2017-01-24
148,3128856,order_number_d543465,37263.43,status_47062b6e,2021-05-22
149,9610250,order_number_dc654f7b,76211.43,status_8065bbe1,2017-11-25
150,5575853,order_number_b37e7bd0,36805.66,status_b5c46fb4,2019-05-14
151,6334730,order_number_e20e3c3e,76507.55,status_9c8ab730,2024-01-24
152,9631053,order_number_f8de7ec3,59885.06,status_313cb99,2021-12-06
153,1935216,order_number_1a5564c8,30332.56,status_cc11a5,2017-04-04
154,7494186,order_number_8dfffe94,90588.40,status_eb9b2bff,2023-03-13
155,454161,order_number_a8f35c03,98267.49,status_6d8882d,2023-06-01
156,891620,order_number_7038665e,13042.91,status_56d45a7,2024-09-02
157,1524848,order_number_622645c0,57095.35,status_132d82ea,2020-01-19
158,5804882,order_number_c721aa51,54145.13,status_8aa0fc70,2023-09-14
159,3276129,order_number_6842be06,47882.35,status_16879c70,2017-12-09
160,5325096,order_number_b076615b,63305.97,status_3f4cf6f9,2017-02-21
161,8326611,order_number_92c4a2e0,60727.99,status_8633122a,2023-04-07
162,5396910,order_number_c073064c,18293.42,status_a81bf755,2018-07-12
163,7607616,order_number_ed2f4ac8,48395.03,status_2c2320f0,2025-08-12
164,4514336,order_number_2acd9afc,93302.17,status_331c2f9e,2016-04-15
165,3891223,order_number_10fcf3f8,83225.28,status_a6cf2808,2017-09-30
166,8548041,order_number_8caf326,87632.63,status_d8febd7e,2025-02-07
167,7280387,order_number_8f433154,96924.37,status_a27df1f7,2025-11-29
168,9292264,order_number_cad85ed,71401.58,status_9581d210,2025-01-19
169,1533570,order_number_bf0ad7a6,81749.07,status_548f05f9,2024-06-08
170,6801885,order_number_98ce1c49,58164.32,status_16055b9e,2025-09-01
171,169812,order_number_8dbc025b,42159.62,status_10ab35f2,2017-02-13
172,9821532,order_number_51c3d7cf,6699.76,status_46425d30,2018-10-25
173,8507113,order_number_827e4111,39167.93,status_b9000c33,2022-10-05
174,1701336,order_number_4e2b3091,14995.31,status_2b650be3,2017-04-26
175,6074215,order_number_7ddf6f8b,15149.72,status_94041978,2020-04-16
176,7191209,order_number_b5367a04,14671.45,status_3e8b5c80,2017-07-05
177,5383973,order_number_44342fe8,22850.53,status_eb3ebed7,2025-05-14
178,8931062,order_number_32958e38,90444.99,status_c6e073d2,2016-09-14
179,8467189,order_number_a3180b31,55944.80,status_c746b89e,2025-06-20
180,8730499,order_number_543bbb,96959.66,status_4caa7aa1,2024-12-26
181,9306270,order_number_28aaee9b,92124.65,status_fd84b65c,2018-05-15
182,2324055,order_number_94fa4e04,48492.54,status_d28e3a66,2018-02-21
183,4873866,order_number_78a9a410,27321.12,status_3807817b,2020-08-14
184,2913637,order_number_eebe513d,10164.60,status_3fd2b20e,2016-12-01
185,5921937,order_number_698012d9,76947.93,status_cc75e73c,2025-02-08
186,6667366,order_number_c0cad9b5,22849.18,status_c3f81269,2024-06-30
187,3169271,order_number_3691981,91988.16,status_e1279bf7,2021-12-03
188,5779365,order_number_ebd9ec77,41423.04,status_23b05817,2019-06-07
189,7728186,order_number_41a8bc4b,75417.01,status_5244ece3,2022-11-20
190,4231651,order_number_8fc379aa,38593.43,status_36ac9512,2016-10-17
191,5181182,order_number_4c5bc3cd,54169.02,status_e90822da,2020-06-03
192,1980415,order_number_18727ac8,12182.78,status_7966fe22,2016-07-05
193,6388041,order_number_8732cd91,66572.22,status_91c943d5,2017-01-09
194,1349933,order_number_b98b85d4,70265.67,status_32e88e1,2023-11-15
195,605533,order_number_23b6ccc8,281.62,status_a2033a12,2024-09-10
196,2058679,order_number_6b1a540e,20975.01,status_d46a651e,2018-08-09
197,8109812,order_number_15581b7a,8021.78,status_6a919f20,2020-09-30
198,9817821,order_number_993025de,10025.13,status_d79870b9,2021-06-20
199,2955862,order_number_92a714b0,78837.01,status_64914e45,2025-07-09
200,8695425,order_number_ff48e6ec,97206.31,status_bbb5ff49,2016-03-14
201,9066015,order_number_aa2ce89,90389.67,status_be17c502,2021-10-27
202,1625058,order_number_c609cc9b,38805.51,status_92937f3c,2022-08-02
203,3532463,order_number_21d67f46,16004.79,status_29aa0999,2019-03-19
204,9618315,order_number_37b2ae5f,43003.38,status_3d74bc25,2021-09-08
205,1507407,order_number_f1472a6,87347.00,status_5ac29edc,2025-03-06
206,5182556,order_number_e357dab0,60682.14,status_8ba54a6d,2017-12-09
207,9083767,order_number_df0bc52b,92158.52,status_faa5c9c0,2021-01-08
208,5096570,order_number_b5207c82,71857.63,status_d2751ab5,2019-11-11
209,9507616,order_number_87ef7121,60570.16,status_aa966858,2022-12-31
210,7717126,order_number_2b051484,98636.37,status_f197db81,2022-08-05
211,5735725,order_number_3dc6257d,94873.75,status_f65a347,2019-05-12
212,4138947,order_number_1560e69f,30081.72,status_4a0bbdfd,2025-01-17
213,2247695,order_number_802cf0ed,22616.75,status_5c9229d7,2019-08-21
214,2371578,order_number_9bdad766,79765.61,status_391bf706,2018-03-23
215,6563525,order_number_119693b3,96265.95,status_4d153e21,2020-03-05
216,7411117,order_number_4b0fde77,89690.72,status_c488ffba,2023-10-18
217,4264016,order_number_880f591c,1349.68,status_4804ea1e,2017-06-03
218,2018247,order_number_2d2839fe,4365.66,status_96fdb939,2018-03-11
219,5837557,order_number_d5743db7,75369.41,status_54b31770,2025-12-29
220,3272661,order_number_481dc4d3,94979.03,status_c4643d5f,2021-04-05
221,5192614,order_number_49e3f197,90783.01,status_ebdc4342,2020-07-31
222,2753236,order_number_b8cd83f6,89275.56,status_ea97e2a1,2020-08-07
223,3365257,order_number_b5a28643,59803.32,status_49f0f495,2020-07-22
224,7158765,order_number_d778814d,6441.89,status_12f9db51,2021-11-26
225,595805,order_number_b0245e20,73371.63,status_e05146d1,2019-05-06
226,1133000,order_number_5bf3a8ea,67925.48,status_a2e270f1,2022-11-09
227,925274,order_number_ba32cf7e,2766.70,status_562f9379,2022-02-05
228,5443622,order_number_573e6b59,27383.75,status_576f3a65,2024-12-21
229,3915373,order_number_5802ef8b,95808.56,status_baa7dd43,2017-09-22
230,2232972,order_number_35bab28f,82607.75,status_bac5601e,2025-03-24
231,2128388,order_number_72fcb1d8,41157.67,status_d995e41a,2018-11-29
232,4868950,order_number_91b41098,94100.21,status_83421b97,2021-04-14
233,2813190,order_number_85430739,17004.29,status_90300ca2,2024-10-12
234,2623741,order_number_ad194620,6978.70,status_3480afbd,2020-06-02
235,9009976,order_number_73537b23,15217.97,status_7acd575a,2017-01-06
236,6563104,order_number_913245e,19389.77,status_92772e0d,2021-04-19
237,276868,order_number_b75108d7,95466.02,status_f29fd277,2022-01-22
238,575048,order_number_b342b10f,25511.15,status_a83f089f,2021-11-04
239,6717249,order_number_300811f4,28644.22,status_5e020f04,2024-12-01
240,6719218,order_number_86722482,71753.61,status_fb85c34d,2019-06-06
241,7039573,order_number_6e1b9655,70820.66,status_d36f7cf5,2018-11-14
242,1102307,order_number_e97028ea,81807.06,status_cb889eb0,2023-12-15
243,2891545,order_number_b5aa993a,16850.82,status_d2a6fb21,2022-08-21
244,7838706,order_number_c7b97f67,55327.29,status_b744e5bc,2016-12-30
245,9916347,order_number_2d7a122a,27473.56,status_c961af69,2022-01-05
246,1652813,order_number_af1d2a8c,98040.46,status_ee882b0e,2025-01-04
247,6689249,order_number_93bf701e,88474.81,status_9e6b307b,2023-07-29
248,7923474,order_number_791c474a,95639.11,status_29804d58,2016-08-21
249,7308388,order_number_aa32a3c8,18789.56,status_3a0b7de2,2024-02-22
250,3317061,order_number_1be62486,95458.47,status_852c1a67,2024-06-28
251,8360113,order_number_3f76a1b,46922.84,status_a0070470,2017-02-17
252,5585513,order_number_bd17becb,86931.62,status_c9b9eeb7,2021-06-28
253,490810,order_number_8a343a5b,18838.75,status_94484c1e,2020-03-12
254,8352647,order_number_e583d8ce,91392.32,status_5624b96,2024-01-20
255,3882460,order_number_1eb35b5e,62608.47,status_f4cb9f9,2023-05-15
256,7298787,order_number_efd64abf,82173.57,status_17372040,2024-03-18
257,6235911,order_number_c49749c8,51465.75,status_2f485bb6,2026-01-31
258,6750200,order_number_7a1521a6,65622.20,status_e53cfa7e,2024-08-29
259,501280,order_number_106f5561,97532.50,status_e679cbfb,2016-03-24
260,2600386,order_number_e9379535,7128.07,status_be0e91a9,2023-12-26
261,6161901,order_number_73b23de2,98707.95,status_4798358b,2021-10-14
262,9400269,order_number_e04c05d0,30642.64,status_e3fbb326,2021-03-23
263,8186648,order_number_12622fc4,19227.83,status_946320ce,2022-03-18
264,3233998,order_number_28f0edc8,15963.70,status_72be91b2,2016-05-15
265,8787790,order_number_8e44dfef,92579.61,status_a75a5a71,2019-02-19
266,1366652,order_number_9d6247f2,82266.91,status_33fb6917,2020-03-01
267,2475315,order_number_13ea396c,35217.77,status_94ffb30d,2020-07-22
268,1076515,order_number_43763325,24871.42,status_c1215e22,2022-06-03
269,6720202,order_number_32b02a5c,55819.01,status_a433e71b,2022-05-26
270,6632292,order_number_4334dd45,73406.40,status_99b50ef3,2025-07-03
271,5300506,order_number_d6882de0,28604.26,status_df4a7b9e,2025-05-11
272,4873944,order_number_d1e4d1dd,19892.04,status_289f7a00,2025-11-20
273,5387538,order_number_ea9e46be,42915.56,status_8b601747,2023-08-13
274,4663592,order_number_daccf782,42518.01,status_49724a58,2019-10-01
275,8006882,order_number_e36dcae1,43980.79,status_b1b5a903,2016-05-11
276,9217727,order_number_9c3fa46d,29513.21,status_6c864613,2023-08-15
277,8514089,order_number_fca8b20a,86831.28,status_463dd42c,2019-06-12
278,975865,order_number_8308e0f,35320.29,status_ba7c1ff5,2024-06-06
279,7689850,order_number_7c45a249,16509.50,status_6ab66fe0,2025-05-16
280,1569425,order_number_c92bc08d,36348.02,status_2ab579e,2025-06-14
281,9567335,order_number_aeb0c316,28231.45,status_d6b5ba21,2020-06-18
282,8078552,order_number_16d39266,3567.23,status_e77fb3eb,2024-04-27
283,4178899,order_number_19160426,28859.16,status_168a00cd,2025-02-24
284,2363413,order_number_724b7db6,16080.87,status_46434955,2020-04-24
285,6483391,order_number_6d010f50,71357.50,status_4e4e4190,2022-11-17
286,5777994,order_number_99ae3bc7,16002.14,status_80f97a67,2017-06-20
287,7726558,order_number_67391d18,36100.74,status_c7796f5f,2021-06-19
288,9594283,order_number_fd8e40f8,87521.00,status_474d02a5,2020-07-23
289,9680669,order_number_822c69be,7209.57,status_8be6f71c,2024-07-24
290,5112843,order_number_9a141620,15598.54,status_83e7747e,2023-03-14
291,1509142,order_number_2998a4e9,121.33,status_cfd39672,2024-08-13
292,2714714,order_number_4390d9fb,22637.21,status_3268b122,2024-11-02
293,6625932,order_number_48397838,83447.77,status_7e22ef0f,2024-09-24
294,6997097,order_number_8c2ac03b,43770.52,status_e50f554a,2021-02-27
295,1114193,order_number_4ebb96c,97350.96,status_7dd145ba,2023-09-22
296,5836194,order_number_9ebb7d54,48394.85,status_d7a3f051,2021-01-02
297,2237039,order_number_17401ae3,99043.13,status_f2c5e007,2025-03-16
298,9851066,order_number_2a8e8527,89781.23,status_9c0dab43,2020-08-25
299,1011560,order_number_bbe1c198,98495.63,status_6e1448b,2016-08-24
300,2421477,order_number_f67a80b,7549.36,status_7af2db99,2017-06-22
301,8666092,order_number_467021ee,7576.98,status_58ee90e1,2026-02-26
302,7312680,order_number_a38e3ce9,23911.23,status_396769e0,2023-05-07
303,3477099,order_number_d32d74e6,615.57,status_2aaef5e5,2021-11-22
304,766069,order_number_4c41786a,78681.19,status_4f80685,2022-08-14
305,9718161,order_number_2cc70d91,28250.42,status_f46c85e6,2018-05-01
306,2848095,order_number_4af2064,21322.08,status_5c376f6f,2022-12-25
307,2422064,order_number_c8762e8,21549.51,status_93d7a9c5,2020-10-28
308,2019096,order_number_c48d4809,68031.40,status_c8a3973d,2019-03-15
309,2785185,order_number_7cc4d444,69862.43,status_26ae1936,2017-04-09
310,3976774,order_number_d41c7c87,63656.73,status_2f0de333,2024-02-08
311,8180062,order_number_c63f972c,37821.20,status_bdefe7a8,2024-06-11
312,3831176,order_number_c13b9318,19401.18,status_4853ff44,2016-05-30
313,67311,order_number_a475eb3d,56672.04,status_e52f6a73,2017-06-16
314,2631288,order_number_3e8670b6,24385.15,status_8c6f87bd,2019-06-07
315,276229,order_number_93123551,70417.67,status_db733e61,2020-07-05
316,6036711,order_number_330278ed,71734.78,status_d5c10e74,2021-05-29
317,3557336,order_number_f6b0d2e,22289.50,status_a129d1b0,2019-08-18
318,6047807,order_number_9fe247c,57298.25,status_62575d8e,2025-07-02
319,8738172,order_number_67eb2968,51031.80,status_d3be651d,2017-05-21
320,9198962,order_number_a44d61cf,66173.38,status_31545c38,2020-08-11
321,7593081,order_number_84f57b3d,79344.97,status_9fc6c19a,2019-07-09
322,5881879,order_number_a6d52070,44379.12,status_556d31eb,2019-04-16
323,6482086,order_number_8359488e,54534.62,status_7e84b9b5,2023-02-22
324,8635071,order_number_cef89602,40446.16,status_c9e8430a,2019-05-12
325,7348450,order_number_2078b444,29148.74,status_908844e6,2022-01-17
326,5603868,order_number_b5a8b666,46979.31,status_d08ff600,2020-10-04
327,6429872,order_number_c8e17dc8,73791.83,status_108f6835,2025-05-12
328,3667977,order_number_a4bfd214,84487.68,status_4378ea2d,2017-08-14
329,5618075,order_number_618de4c,2060.41,status_803482fb,2023-07-20
330,4381478,order_number_50d1a4d8,93678.34,status_881afa39,2018-05-08
331,4797567,order_number_216edf1f,69859.36,status_9a3dc7ab,2023-10-16
332,2509424,order_number_1f442468,89112.07,status_c6119ad,2020-01-31
333,8361937,order_number_71bf5e45,688.76,status_b498f7e1,2022-10-15
334,4818956,order_number_66ab6194,28723.25,status_ca3169de,2025-03-08
335,3150708,order_number_9604c6fd,25665.96,status_2c73b832,2025-12-03
336,8005360,order_number_e6d6a001,32343.32,status_1386d495,2022-03-30
337,1859709,order_number_c39d5a08,93900.83,status_902d4b6a,2021-02-05
338,5142414,order_number_b4cdb7a8,9285.43,status_a29ba2ef,2021-02-04
339,9717803,order_number_32dc4dc8,3287.00,status_e9a40e3f,2016-09-06
340,468896,order_number_170ab092,84445.41,status_f0a1f570,2017-11-13
341,1067031,order_number_ea3e2090,99164.85,status_73cf3a0,2018-03-24
342,9703441,order_number_21a6a48b,49126.30,status_219e4640,2023-12-27
343,6865039,order_number_5376bfbf,84788.94,status_f7b2572c,2018-01-01
344,3650386,order_number_f2b41bc3,2601.33,status_c8c94903,2024-09-05
345,19094,order_number_e921b476,17914.61,status_120a0e70,2019-10-09
346,368227,order_number_9d21a08e,55259.35,status_d5eb1bd6,2021-07-01
347,632301,order_number_242aeb12,12523.86,status_1c08303,2021-11-30
348,7257192,order_number_d7a1fbc7,45278.44,status_eef0e34a,2017-10-17
349,7401883,order_number_21f9f4ac,7014.35,status_ab931e96,2025-05-15
350,1284944,order_number_9974be84,35901.57,status_7aa02781,2020-04-04
351,3504682,order_number_e78b6245,27009.24,status_17e23f8e,2022-03-31
352,5231827,order_number_e2613f1c,91249.55,status_303eaab2,2023-03-11
353,4713390,order_number_98431f7b,87325.30,status_8a8897ca,2018-05-04
354,1998858,order_number_fe034eae,88924.63,status_cf7989bb,2017-03-26
355,5929397,order_number_bdf80ec8,86660.00,status_2361109d,2021-03-14
356,2775492,order_number_6cd679a2,61612.58,status_21505596,2023-03-16
357,4155770,order_number_414aabbf,95815.12,status_bcce6629,2020-07-05
358,2216533,order_number_6c8f0ea,25088.37,status_bb2708c2,2017-03-03
359,7245373,order_number_3ffdafd0,93354.10,status_89f97197,2018-12-05
360,1901508,order_number_6cd012e1,38500.91,status_d20055fd,2019-08-22
361,9681763,order_number_f00db462,73285.45,status_74e0dce6,2021-07-08
362,699055,order_number_562f421d,77943.52,status_25e5df2,2016-12-21
363,4279774,order_number_81122179,8004.79,status_b6828c45,2018-07-24
364,1812811,order_number_30f1d94,60975.00,status_7b256f93,2020-09-26
365,948833,order_number_e2ea7218,67984.82,status_a6dbb833,2017-05-10
366,3508983,order_number_4cb90de,89245.04,status_b207a365,2025-01-18
367,4158891,order_number_f404881f,30063.68,status_1b0750dc,2023-06-26
368,2486769,order_number_a4ee647b,77243.66,status_f372f3e7,2020-02-21
369,1663976,order_number_fb2e7f5b,3173.59,status_eff51e6b,2024-02-19
370,5902783,order_number_4d894565,95274.50,status_9c017dcf,2016-09-25
371,5653766,order_number_f55cbbfa,10458.59,status_74b8fb4a,2021-03-30
372,1844129,order_number_dc047860,99227.62,status_a845e0e4,2022-08-06
373,5249522,order_number_4255e2a8,60853.89,status_c23dcc82,2016-08-13
374,4225838,order_number_9c78e8b5,34322.44,status_14b6de94,2017-06-18
375,562625,order_number_562590fa,37336.14,status_69051c3,2022-04-24
376,1782075,order_number_d51ecb67,57834.31,status_230d5d93,2023-04-24
377,7526286,order_number_60951af8,35796.00,status_eea2d9b0,2016-07-16
378,7158081,order_number_f61af706,30856.72,status_38587a2c,2019-03-09
379,8670285,order_number_6379d6e2,63775.11,status_912c288c,2019-12-23
380,76064,order_number_e401259c,98383.92,status_ae5b5110,2016-04-16
381,3423662,order_number_d24aaa82,4796.41,status_93c4be5a,2017-03-22
382,6050549,order_number_83c8e976,18169.15,status_f9404eba,2020-09-18
383,1985733,order_number_70e42da9,64195.15,status_bec0f707,2023-10-20
384,9365181,order_number_c8adfeb8,99572.27,status_d4c40fca,2023-08-09
385,8591111,order_number_72dbb0,81593.13,status_c87a8a42,2020-09-16
386,9367270,order_number_5b1622f1,42551.65,status_ca15d6e8,2018-11-29
387,6137490,order_number_95760a0f,6526.58,status_cdfe8a01,2023-01-05
388,5013266,order_number_3ee18934,96274.28,status_51ca5b01,2023-10-17
389,5079186,order_number_6172bc61,13528.41,status_500775f0,2019-01-31
390,6979868,order_number_88e5ac5f,50748.40,status_edf5c506,2020-09-28
391,9473728,order_number_e9aa867c,97535.89,status_8fee1f39,2021-11-27
392,3724659,order_number_161a7a92,47417.45,status_b8672e7a,2024-10-31
393,4574045,order_number_adc58b5f,52064.16,status_73643b60,2021-10-23
394,4506308,order_number_e8c0ec0d,24439.40,status_3686264,2024-09-14
395,3707767,order_number_56f5dc1e,3415.56,status_68347632,2021-10-26
396,3250707,order_number_7148dce8,12060.70,status_dd8b1886,2022-04-24
397,2183812,order_number_358a1420,55484.31,status_19c4e1ee,2025-03-14
398,6079339,order_number_2cf6c45f,65150.42,status_c495eeed,2020-05-23
399,5369697,order_number_bd8aa043,13425.10,status_5618a23b,2023-06-07
400,3991711,order_number_964475af,87610.02,status_cd811834,2025-10-22
401,3662900,order_number_f2dbb4c2,73110.98,status_31f6e980,2024-07-13
402,5573496,order_number_af71c5b4,98008.62,status_dc289d06,2021-08-09
403,6318266,order_number_81a221f4,14784.25,status_1471a9bd,2016-12-29
404,3920734,order_number_efc18dcb,67637.06,status_43a13dd2,2020-07-30
405,9137051,order_number_ff8d0a41,10357.68,status_e19300f4,2024-05-22
406,2320513,order_number_95475f9b,99363.23,status_12e805a7,2024-01-02
407,1076126,order_number_3bb583d5,88125.34,status_d86a3ec5,2017-12-29
408,590569,order_number_25dc26db,97823.86,status_ca8389ab,2018-06-22
409,3121947,order_number_45807efc,81866.61,status_1d88b3ca,2017-02-20
410,2573526,order_number_93013d35,31095.45,status_9a9230b8,2023-08-04
411,9050625,order_number_6ed16e3a,37754.51,status_f0231cd2,2019-11-18
412,6175370,order_number_dabee9c4,37860.73,status_9a21c4fd,2016-12-05
413,5334011,order_number_3dbd3769,54443.40,status_d481bb13,2018-05-15
414,6809050,order_number_34cd38eb,1518.32,status_4f0a8daf,2022-05-01
415,3668704,order_number_89c6758b,5082.87,status_93e1d7e2,2019-03-01
416,4581413,order_number_17a45a7a,76333.19,status_37515139,2017-07-31
417,1724976,order_number_3dbd1916,45811.05,status_a63ddd9b,2020-01-29
418,7038602,order_number_1f579352,60618.08,status_3e77869,2020-02-22
419,8553353,order_number_abac90db,9388.32,status_4beb28b9,2018-09-06
420,246517,order_number_83b61d0f,32347.32,status_bef42980,2024-10-20
421,7731300,order_number_8a8ae7e1,42344.22,status_e6978b52,2022-12-11
422,5382407,order_number_e356595c,65956.94,status_49f32646,2026-01-19
423,396032,order_number_5e403cc4,42263.59,status_cba50272,2022-11-14
424,4546331,order_number_5f5f57ff,10394.46,status_9d72925c,2017-05-27
425,858557,order_number_485db578,96591.02,status_ee9ca001,2017-09-16
426,7331451,order_number_f9fc25c2,38220.26,status_129d1788,2020-09-11
427,7669081,order_number_c94c2686,52590.99,status_8d65fd49,2019-08-08
428,7816624,order_number_4c47fbb,38219.65,status_6abd33bc,2023-06-17
429,4619870,order_number_79b11f14,60905.20,status_3d4df92c,2023-09-13
430,7996759,order_number_82e3a9ae,23966.36,status_9edd68ee,2018-12-25
431,2369983,order_number_75da7b61,81740.49,status_9aace2a7,2021-09-11
432,7602904,order_number_767c1775,6643.01,status_6a819933,2018-12-19
433,1613184,order_number_eca81573,58948.14,status_cb6bcb43,2018-02-19
434,8086978,order_number_bfcca8ae,32878.25,status_bfeba18e,2019-09-12
435,1972407,order_number_168d3830,95186.04,status_179c6670,2025-10-21
436,619612,order_number_b999332b,76737.78,status_31a15472,2019-08-24
437,8428664,order_number_ff122b16,23915.54,status_d73e20e,2023-11-05
438,7566102,order_number_d6f653d6,51414.69,status_7aa6d8f1,2017-08-07
439,8114996,order_number_987d1548,50331.00,status_7fc4598a,2024-01-04
440,1321619,order_number_4cd9c6f8,15776.96,status_939e3e04,2023-04-02
441,3483435,order_number_12f1a4ba,77523.63,status_2be23858,2016-07-22
442,7019558,order_number_8d423035,11342.17,status_16e55173,2024-04-24
443,3210621,order_number_fd9aea91,1672.89,status_32bae1b0,2018-12-22
444,1497838,order_number_c5980f98,47146.87,status_decc904a,2017-04-12
445,934632,order_number_ed22c819,53168.08,status_e71b92db,2023-01-03
446,6325084,order_number_ccd5f47b,15766.34,status_e255e2da,2017-03-19
447,6902721,order_number_cb07a7e3,76351.83,status_720d8276,2021-09-10
448,3583170,order_number_4137a03a,40148.35,status_b2f5d8b7,2017-07-28
449,1523099,order_number_c80324e2,1045.62,status_c16d0a6c,2023-10-12
450,2312656,order_number_76ea09e9,75974.15,status_e76dd135,2022-12-29
451,9873287,order_number_a36b3da4,25635.49,status_4ce3039d,2018-02-09
452,4625552,order_number_86be18b,48364.80,status_3dedfb4e,2016-04-27
453,2806077,order_number_e2f1d3f7,52892.24,status_697ab169,2018-02-17
454,1065716,order_number_27159c7b,67089.47,status_5c49ebf8,2022-08-01
455,279770,order_number_8b4311a0,33203.75,status_f984809a,2019-07-19
456,3780150,order_number_1e270e01,16104.04,status_3aadc45a,2018-11-18
457,1624520,order_number_bf77e8e8,74518.75,status_e992c061,2025-07-06
458,4065379,order_number_d6f86652,70112.01,status_7b21157,2026-01-12
459,1351769,order_number_43acdc29,18602.16,status_a72d2d62,2024-11-21
460,9857003,order_number_ef7df765,83291.58,status_c414c46d,2019-10-22
461,9229732,order_number_41a91ad,30377.48,status_efe1f603,2018-11-07
462,7046973,order_number_49dda265,81670.51,status_93d271e1,2016-03-15
463,6246932,order_number_ab9b0971,35517.95,status_c359c79,2019-11-25
464,8778484,order_number_719621a5,13016.88,status_72be729d,2025-02-11
465,7585123,order_number_5586a0a9,15523.60,status_1fb9164a,2022-11-29
466,5777829,order_number_8c1ad268,63528.83,status_22fe305e,2023-07-14
467,7328372,order_number_97e3fb25,18363.65,status_9330923b,2017-06-30
468,7828346,order_number_7808fed9,61557.98,status_9f9cd0fb,2019-01-20
469,5614323,order_number_f2f7cdc,45779.56,status_f832b4e7,2021-08-31
470,5306359,order_number_c8c043fe,92729.72,status_3b2b39ea,2022-06-13
471,2220301,order_number_947dc64b,57990.49,status_8e1cb16b,2019-12-17
472,8381954,order_number_46485895,87919.92,status_498d0f55,2025-11-08
473,5033672,order_number_6e1b469,10597.32,status_97d3b6f0,2018-09-28
474,1544508,order_number_14f0811c,4874.73,status_9d0f7254,2022-11-15
475,7582896,order_number_64b4495e,86338.87,status_cea78cfb,2023-12-16
476,5285870,order_number_72bd326f,24440.61,status_8518e82e,2019-01-23
477,9740386,order_number_d96bad49,88653.07,status_ca7837c8,2025-11-16
478,5434765,order_number_521f17be,90485.78,status_141b90b2,2022-04-18
479,7344262,order_number_597fb6a9,60800.55,status_46e3eb1b,2019-12-21
480,4687263,order_number_4fd3b1d1,78504.35,status_8951b3fb,2024-07-31
481,5818430,order_number_439d304e,61904.51,status_1641bd4f,2018-03-09
482,3226637,order_number_dace64ce,74179.14,status_11404846,2018-04-03
483,8576740,order_number_c95eee2,69534.38,status_4c064586,2024-03-09
484,2470903,order_number_af2bd701,20456.19,status_15686ea1,2018-12-04
485,8695283,order_number_e0b8ca5c,77679.34,status_488ae74b,2025-02-15
486,1115157,order_number_a7674e52,43446.21,status_a3b69996,2017-09-24
487,2034471,order_number_30a14808,28653.06,status_edf7d309,2022-03-21
488,1109467,order_number_faf8136f,7964.56,status_c6982b2c,2019-12-30
489,5238110,order_number_28483fe4,43021.24,status_a4600617,2017-12-02
490,787052,order_number_fdb518d6,86557.79,status_6d2c67c8,2020-10-28
491,4894922,order_number_c3739c7f,27976.04,status_d019a656,2023-07-13
492,6405772,order_number_2270093f,61807.59,status_f766b1d2,2018-10-10
493,2335119,order_number_87578ea3,63359.64,status_c3e3448c,2019-06-18
494,3137482,order_number_7caac41a,84304.38,status_a9faae3c,2024-04-01
495,6131566,order_number_7254be6b,63005.44,status_92a6ae08,2018-06-10
496,2856745,order_number_8d670018,12771.04,status_56694429,2020-08-12
497,8329207,order_number_6a8399a,85642.93,status_6496512e,2024-11-26
498,8423337,order_number_8a9e9afd,88210.29,status_96aaf26e,2018-04-11
499,6126886,order_number_b2efab4a,93198.09,status_3e04a1f7,2021-12-11
500,2261543,order_number_61cadb2d,90389.66,status_b5e1c3a6,2025-07-08
501,1147918,order_number_a6b8db4e,81119.20,status_4702b298,2023-10-27
502,2271186,order_number_5d5be2aa,17202.68,status_24dce0b,2019-03-25
503,5693891,order_number_59221bd6,8933.13,status_234129bf,2017-01-27
504,5849634,order_number_91519c8a,88924.91,status_cceab657,2025-03-21
505,274396,order_number_bdc33a42,16390.43,status_83e5332b,2023-03-29
506,5810058,order_number_3489d503,47610.56,status_f53cad52,2020-11-26
507,680609,order_number_b4e4c1b,7457.08,status_3431c88d,2019-10-27
508,4433855,order_number_e728c1a1,77472.76,status_20c6e5e2,2025-07-07
509,4321956,order_number_79555bb2,54318.78,status_e7180ff3,2019-08-06
510,6692019,order_number_f32524b,38375.51,status_16151daf,2023-06-01
511,2280918,order_number_400717d5,49357.75,status_2b725a2a,2024-07-19
512,938442,order_number_32530516,83595.15,status_ef8394be,2025-07-02
513,8434350,order_number_af285092,94626.63,status_1a3ad6da,2026-02-09
514,9428218,order_number_6fe9f619,78483.65,status_174c4893,2016-06-22
515,3510648,order_number_a142c70d,36794.94,status_be0f2d4b,2019-12-07
516,908573,order_number_8ac651c8,73467.32,status_56b285b1,2022-05-23
517,4827939,order_number_6591b8c8,83095.79,status_71c62011,2016-04-10
518,5069725,order_number_5f7e7b7a,19314.46,status_86e57697,2016-11-26
519,7448381,order_number_1ef126f5,60006.54,status_f450718,2018-11-04
520,8634672,order_number_f28cf321,37262.60,status_a7d3518b,2026-01-15
521,228501,order_number_a5a338a7,68309.50,status_b6148ebd,2023-06-29
522,3763826,order_number_2f5f9c66,36729.10,status_3deb6d2,2022-01-25
523,3056230,order_number_551dcb01,53907.76,status_57aa9bfb,2016-10-17
524,967770,order_number_6a6a4ea0,13332.72,status_ba51c723,2023-04-07
525,586767,order_number_f5fd5cad,75758.06,status_2231c4df,2023-01-30
526,2667590,order_number_d271d866,80602.10,status_2a0b0678,2023-10-31
527,6892247,order_number_7cef9247,88490.98,status_d8c49ac,2018-09-09
528,4840367,order_number_380cb2a5,6592.12,status_5f095190,2020-10-29
529,4482606,order_number_3fc9a77e,65395.51,status_53333687,2023-02-14
530,2030633,order_number_77e1ce84,10892.14,status_999194b6,2019-04-27
531,5255669,order_number_141acd19,48983.51,status_51841e7c,2022-05-29
532,3800435,order_number_1beb067d,69228.91,status_ed43a0aa,2022-07-14
533,9311137,order_number_4579c622,84629.12,status_f7be0839,2020-10-14
534,2692458,order_number_4f221674,85439.57,status_db65feca,2022-11-01
535,3235760,order_number_fffb9ee2,287.42,status_31a579df,2024-11-11
536,4118087,order_number_a3ce67af,70227.33,status_3b6b0fc1,2017-11-10
537,2164435,order_number_6710267c,73170.79,status_976864a0,2019-11-01
538,2360795,order_number_91bcc501,75100.73,status_a405a067,2022-08-11
539,2826905,order_number_d0ca783f,48254.51,status_cc2cd23d,2018-05-06
540,7506880,order_number_85f50087,24919.67,status_7867869d,2022-08-16
541,5144636,order_number_58186c0b,97794.53,status_d01bf574,2021-12-09
542,827452,order_number_9e4d07bc,4647.28,status_11da5448,2024-03-15
543,1663399,order_number_2a74c55f,23171.57,status_11c96bfa,2023-02-16
544,1048634,order_number_ecf4a3e1,38549.52,status_416d0b7,2019-08-29
545,9860538,order_number_a547ee6,27125.55,status_63c26ba6,2024-07-29
546,5861777,order_number_c30c83e1,94577.55,status_11134114,2019-03-12
547,6856420,order_number_53d82c9d,966.75,status_4880dc4,2023-03-19
548,1538444,order_number_f48fa38,26221.06,status_fc7a6b7,2023-08-11
549,5474457,order_number_43bd30f2,12124.62,status_859442d3,2016-03-27
550,9385576,order_number_6523648b,49546.61,status_7bd08e73,2024-11-24
551,416138,order_number_b6aef95d,19803.75,status_c462fe1e,2022-04-08
552,1331680,order_number_1c0a4bf0,54165.55,status_f150e62f,2022-09-01
553,6065158,order_number_b90bb567,34600.82,status_139d2be9,2019-03-25
554,9004352,order_number_3f994419,66902.72,status_e7671e6f,2023-12-11
555,4070000,order_number_42a88f25,35801.03,status_82c4d62c,2017-08-05
556,4660835,order_number_1e734e0,38449.28,status_5e8cb397,2021-02-04
557,4952436,order_number_add36684,71249.73,status_9b0cb14,2025-10-17
558,8565205,order_number_30a05ce1,35634.82,status_3e85a70e,2021-12-17
559,7090717,order_number_593100fd,25680.93,status_dc20f5be,2021-10-05
560,7851841,order_number_7b64cd24,82486.74,status_69e9828a,2022-07-28
561,72590,order_number_da81958f,96424.43,status_265db4ec,2021-03-27
562,2899787,order_number_513bad14,47144.23,status_5064c82d,2023-01-11
563,7384968,order_number_2d8f2909,87487.15,status_ef65a4a0,2021-05-20
564,2807079,order_number_4de1323,15356.90,status_fda94040,2017-01-16
565,5136991,order_number_fda36110,94840.08,status_c3abd6e2,2016-03-05
566,558919,order_number_2933f9f2,28343.83,status_bf27f9a1,2021-03-09
567,6812459,order_number_8280dc65,6566.35,status_77b92d22,2026-01-04
568,152396,order_number_62fca2dd,51233.60,status_a0891c4c,2016-05-20
569,936252,order_number_12d7cd50,62116.92,status_8bdeb6e9,2018-07-09
570,5902094,order_number_ab2ede30,41789.57,status_2f6d6d8a,2018-04-12
571,1526688,order_number_e3991742,53434.98,status_daec7be3,2020-06-28
572,3306457,order_number_6cb20678,54456.82,status_a62aab98,2024-09-19
573,8171244,order_number_b5169b0d,52592.68,status_614b3662,2018-04-20
574,3885638,order_number_21c64fa7,32427.92,status_20ff42f7,2021-11-26
575,3467975,order_number_19c3d3f,15776.92,status_879310e4,2020-05-23
576,9936484,order_number_2f522c0a,4049.00,status_2df1619f,2024-07-23
577,613361,order_number_f5b29881,60985.89,status_5ed3c44b,2016-05-27
578,7723432,order_number_61f6483f,65103.49,status_60e8a4c1,2019-04-06
579,2336984,order_number_ae2aca0b,58662.95,status_a6014dca,2021-05-03
580,7388502,order_number_d794ccaa,80918.48,status_d65d9beb,2023-10-14
581,4017147,order_number_abf86893,47754.08,status_c80d2aa9,2018-12-27
582,5396523,order_number_e8597e1c,18653.78,status_e01db0a2,2023-04-17
583,3553706,order_number_287b0e39,67353.21,status_58cf6d74,2018-02-22
584,2589116,order_number_3434d0b2,86624.78,status_2780bbcf,2020-12-17
585,9224137,order_number_6cc0fc5c,92540.95,status_83a96334,2025-07-04
586,2723965,order_number_20bd5709,32103.11,status_d3ad4296,2019-06-12
587,6367010,order_number_72eed464,85136.67,status_f128b0be,2022-11-01
588,9394274,order_number_17e1fd58,66380.72,status_ff340a67,2023-04-05
589,2691882,order_number_6c013adf,70808.00,status_ebcd1f42,2023-03-26
590,5783407,order_number_9d08322,35470.78,status_24580074,2021-03-16
591,5480608,order_number_4c3a0a85,86156.40,status_3a638c95,2021-08-30
592,8041104,order_number_5582776e,83844.82,status_cb8662ce,2018-08-07
593,5147968,order_number_368e9302,35149.50,status_65a7eef7,2019-10-19
594,228789,order_number_ec56eac6,14783.09,status_3fa841ce,2017-11-12
595,9976969,order_number_ed3cb92,58837.34,status_8c60e53d,2024-06-02
596,1146101,order_number_d496e776,50061.36,status_e59ade9f,2016-04-01
597,3408289,order_number_a63a73d1,64132.99,status_ff4633ab,2025-03-16
598,1766242,order_number_9da0dbbd,29217.82,status_9482b006,2020-04-08
599,1294835,order_number_2acb6559,50330.87,status_ae3da2e0,2025-09-26
600,5543759,order_number_21354aeb,73419.74,status_af3500b0,2021-05-04
601,3564856,order_number_984ce6f5,41716.92,status_e75f499c,2016-07-06
602,4344389,order_number_1342a1a6,12539.95,status_44dfbab2,2017-10-27
603,6233374,order_number_8917369c,84461.72,status_c83b2b58,2017-05-04
604,4954284,order_number_84bbbecc,87453.04,status_31ad1a0b,2017-03-04
605,4291245,order_number_ac88c970,2985.98,status_ba1994d6,2024-07-16
606,66677,order_number_2974f5a5,94177.23,status_96323c33,2016-12-28
607,3744924,order_number_e84b816e,5341.00,status_da88d3e,2025-08-30
608,1527189,order_number_cf55cf6a,55336.64,status_6441e52e,2020-05-14
609,1485158,order_number_cb825e9b,35412.94,status_8ea15d61,2018-05-29
610,8486721,order_number_d15df14b,83936.14,status_3e2fea92,2024-06-17
611,992270,order_number_19b8dcd,73612.41,status_4b476834,2023-02-28
612,6551155,order_number_7ff41974,6680.78,status_2bf29384,2021-10-04
613,6104576,order_number_46b3962,47093.27,status_4f3ea6ab,2018-06-02
614,7750221,order_number_400570c7,93415.06,status_27c709c,2016-06-11
615,4217809,order_number_f657b882,1934.93,status_d564de70,2024-05-27
616,1450188,order_number_6da74842,57169.48,status_ce7ec924,2025-02-01
617,1323381,order_number_d6ccb7c0,97079.53,status_ff916e35,2022-01-13
618,9453882,order_number_ad27104c,55010.52,status_b604b3f,2018-08-06
619,2761461,order_number_7a074a37,27669.28,status_27e81b8b,2018-04-24
620,6425948,order_number_cbacbd5f,4256.19,status_671842ca,2020-01-27
621,9886516,order_number_8a3c8c77,50431.40,status_2602fd82,2016-07-03
622,8018548,order_number_29af30c3,32850.95,status_6c78c724,2022-12-15
623,9154292,order_number_500532d8,92907.81,status_f32d3c8a,2017-08-13
624,9012773,order_number_b6246d5a,2893.61,status_dbfc2215,2018-05-26
625,3298819,order_number_5f251312,48943.43,status_fd8e3b3e,2024-10-01
626,6386339,order_number_abb7afb2,59283.93,status_866eba8e,2020-08-20
627,9696669,order_number_cd6b052c,11239.79,status_dfe4a52a,2020-04-04
628,55525,order_number_119cbdcf,60498.82,status_8ad01c00,2019-03-05
629,2435013,order_number_36856a1d,34456.05,status_770027ac,2024-01-02
630,2114484,order_number_a88c3e6d,34379.84,status_227dd773,2024-12-17
631,8783533,order_number_555ceb4,15431.43,status_6b9c0e71,2021-01-28
632,3082375,order_number_a0a270b1,67320.47,status_48205a4,2018-12-16
633,890077,order_number_95538fa4,86620.33,status_63fcf052,2022-02-15
634,2120026,order_number_27dd847d,76424.18,status_402eb1d9,2017-07-08
635,3866886,order_number_566ca7c5,86168.11,status_4c4fda73,2020-01-27
636,6601976,order_number_c98fe8dc,305.31,status_a2c67b2d,2021-11-08
637,7460391,order_number_692cfbeb,32088.02,status_95ad46e9,2020-11-15
638,1431217,order_number_c515794e,39121.42,status_1759d674,2022-11-15
639,1568683,order_number_194917e2,86986.88,status_84a87962,2022-09-02
640,6551416,order_number_a93053d9,19616.28,status_df6d9d1b,2016-08-24
641,2743002,order_number_b180766d,93135.38,status_dc3ae780,2019-04-27
642,7885226,order_number_5ff6a11d,20226.91,status_809a8d7f,2016-08-09
643,3587244,order_number_e835aa5d,69539.94,status_198ebda,2020-07-08
644,1543970,order_number_15b084f1,67231.79,status_3adb1fbb,2018-09-21
645,7585630,order_number_a8962118,96190.83,status_ee7279f0,2018-07-05
646,1306486,order_number_83931922,79002.39,status_dd0425d9,2020-11-30
647,9022175,order_number_35e74f2f,53581.01,status_4e30ae6c,2024-01-23
648,9866087,order_number_6088d75,87591.09,status_414128e6,2023-12-19
649,2091612,order_number_7510f5c8,84798.53,status_813c3a86,2018-10-27
650,3657072,order_number_ad779efb,82134.67,status_5f74e461,2019-08-19
651,5279104,order_number_daa26414,31951.97,status_c0dc9a6a,2020-10-24
652,9534216,order_number_1dc65e4d,18015.64,status_300bb7f9,2026-02-16
653,9777424,order_number_4f73203,37075.70,status_986415ec,2022-07-09
654,554361,order_number_6de1ff5a,83880.30,status_ce85f394,2022-02-16
655,1039673,order_number_b1e481ec,48947.55,status_e74787f3,2020-04-12
656,7737384,order_number_a12afec1,49542.26,status_ac749416,2016-12-08
657,4302098,order_number_e93d6cf4,89261.06,status_249d245a,2021-03-11
658,6550468,order_number_d04197f0,63958.25,status_1a17ef66,2023-10-09
659,681455,order_number_fe706a4f,64521.80,status_d8ccbd40,2023-01-25
660,8142976,order_number_db212485,80697.42,status_73bdfc9b,2019-11-21
661,2961929,order_number_ca7a53ab,8745.08,status_c90baffc,2025-06-17
662,279859,order_number_53d89a,42296.85,status_7317e95e,2017-09-22
663,434589,order_number_d3b9b170,52827.74,status_3c3b772e,2020-12-12
664,9767549,order_number_9af53908,82408.98,status_735497e1,2017-12-04
665,1309285,order_number_70f4794,40943.22,status_842c32a3,2025-08-30
666,2270790,order_number_c72defcb,32780.47,status_939100f6,2025-03-16
667,618525,order_number_5a6a0035,14696.50,status_1c4170c,2017-01-09
668,3940595,order_number_442417fe,52414.27,status_d575c36,2016-07-19
669,575718,order_number_def45b36,3136.80,status_7fe4f6b1,2019-04-18
670,9033379,order_number_43b00e3a,6702.22,status_8b2ec33,2017-04-13
671,5769330,order_number_26520a94,75195.24,status_2e8cc1a7,2020-10-10
672,2474126,order_number_644f132d,63842.44,status_b2fe6f1e,2018-05-27
673,6281214,order_number_23b4692f,98261.09,status_7233473f,2018-06-13
674,3064994,order_number_5675edcd,2214.43,status_2c660c80,2016-06-26
675,6301659,order_number_96cc9631,21874.73,status_41dc7b95,2016-09-14
676,9446035,order_number_9ba90776,42721.04,status_6c5036c7,2016-05-19
677,773245,order_number_1240416d,35556.81,status_5e745b91,2023-07-11
678,2150454,order_number_319b87c6,28621.09,status_91ebd1,2021-06-18
679,1982610,order_number_13aa2d37,41434.44,status_25490ec0,2021-03-07
680,820459,order_number_20418f25,41518.40,status_51c619cc,2018-08-04
681,1776660,order_number_e25628af,40693.91,status_be0569bd,2018-02-07
682,9321961,order_number_9bdc262e,87254.11,status_d7a33df6,2024-02-12
683,699045,order_number_f8685975,74189.32,status_bf1d4534,2016-06-27
684,1012065,order_number_55b09d7b,94955.65,status_9b30a92c,2025-10-18
685,7815256,order_number_ca8d263c,12789.04,status_d91d8c98,2021-05-05
686,1282514,order_number_ebed3c80,25734.74,status_c62c23e,2016-12-02
687,356867,order_number_d1ff83ba,11000.81,status_e982452a,2017-08-28
688,2262466,order_number_f60e0f79,45617.04,status_6595308a,2019-02-12
689,4640408,order_number_ae1dbe3,91721.78,status_8d9768e3,2019-03-06
690,6641738,order_number_e7bdb398,94897.08,status_830ea14e,2017-09-12
691,2413477,order_number_c136d373,57504.74,status_17181a55,2022-08-12
692,6971425,order_number_8815fdf0,41700.29,status_1a24e8a7,2021-10-31
693,6593890,order_number_d02ce434,68046.85,status_bc1fbdb4,2018-02-19
694,9378393,order_number_52b594db,21232.78,status_27242341,2026-02-19
695,139897,order_number_6daa83,28986.52,status_6fd6b86e,2019-04-07
696,8239396,order_number_4e1bdcc7,29867.31,status_d910481e,2020-01-19
697,7384519,order_number_fb70f2fe,36026.35,status_d4294c27,2018-04-14
698,946963,order_number_817140a8,99535.17,status_909fda01,2024-12-19
699,966098,order_number_b8669964,76765.21,status_dc8a02fc,2023-12-12
700,5679324,order_number_3b3bb38d,70800.27,status_16172e60,2020-10-06
701,3999075,order_number_8eb1340a,23981.40,status_675dc246,2016-09-22
702,7388711,order_number_1ffe9c00,56041.59,status_c8ee9be6,2016-05-08
703,3849108,order_number_1817e77d,86284.22,status_c540a666,2023-01-08
704,6404126,order_number_9d51fb40,82900.87,status_d090e4f0,2021-10-28
705,3940363,order_number_783ea418,56086.09,status_a5469537,2024-01-30
706,5428912,order_number_499e173,10800.59,status_3f99ea8e,2017-01-04
707,5041986,order_number_801a0bc3,98286.74,status_3cd6ce3c,2022-02-02
708,3576204,order_number_23e7ed5d,95687.55,status_577d32e1,2021-04-02
709,3534150,order_number_eb656018,6387.66,status_22d7f6a6,2017-03-23
710,4978241,order_number_638b014b,56665.94,status_3126a1fc,2019-04-18
711,6243998,order_number_173cb194,49685.96,status_c2a304c2,2017-06-26
712,9855497,order_number_63b35029,54883.21,status_3241fe8e,2022-05-29
713,2720486,order_number_645926aa,4410.33,status_4ea35174,2020-11-01
714,1076135,order_number_a453bcfd,72121.14,status_7be50bf5,2021-11-07
715,2836109,order_number_3b5725d1,89418.38,status_8874c7bf,2021-08-22
716,9040089,order_number_5cc60c40,37915.80,status_a247399a,2020-09-03
717,1368291,order_number_d37287d9,77050.16,status_84fdf99e,2019-06-22
718,1714595,order_number_419e9cd,45383.64,status_66d5b399,2020-07-15
719,6924238,order_number_83d1483b,18274.44,status_6fc99e86,2025-05-20
720,7208890,order_number_5c53175c,94487.23,status_ceed1328,2023-03-26
721,4165605,order_number_6b7c7f15,53145.06,status_669bfb70,2017-06-18
722,3306111,order_number_d86086c1,30679.82,status_9a86953e,2021-07-15
723,7903464,order_number_dae65d10,19204.65,status_6a9ebd44,2023-11-24
724,5163539,order_number_9b438068,40849.66,status_569eac5d,2020-08-18
725,692770,order_number_de3c736f,84345.74,status_133e35ec,2019-01-16
726,583836,order_number_cef591c9,5412.47,status_3b288693,2016-04-20
727,5693170,order_number_13835ae7,66857.55,status_1bd28189,2024-08-14
728,3680107,order_number_8df7a8c6,88247.37,status_fb45cb14,2025-09-25
729,3517675,order_number_dbc4da1a,22646.50,status_585e2c76,2020-06-10
730,7169660,order_number_c7b9c82e,93790.47,status_1254f2f2,2021-11-01
731,4182743,order_number_341e90ca,30263.56,status_5e2541a,2018-03-14
732,2087084,order_number_18bdf6de,41360.13,status_f06246e0,2024-06-29
733,683082,order_number_d2c4f71f,44771.82,status_c793bc2,2018-02-07
734,2432843,order_number_99d2be39,61422.08,status_3e504806,2022-07-09
735,739090,order_number_ef3ec093,50967.42,status_2636bbf6,2020-12-24
736,5800432,order_number_f5018de9,38179.75,status_f3c22c49,2023-06-04
737,37940,order_number_dc267861,84856.70,status_6a001e00,2025-10-17
738,9079642,order_number_2b2efa26,32892.21,status_4045ae9f,2020-01-27
739,8207350,order_number_c8dc098a,98051.44,status_ec60aea7,2016-05-18
740,3833543,order_number_fe38d6fd,31164.16,status_898dd240,2018-10-10
741,6233440,order_number_8923e6d2,67494.30,status_ac3eea47,2021-01-15
742,7394511,order_number_e46fe49,5392.96,status_3344ebd3,2024-04-07
743,321699,order_number_a8953f3d,71089.11,status_40e869cc,2025-05-05
744,6907077,order_number_e06ce75a,4276.69,status_274d5de5,2022-01-27
745,1349290,order_number_d2d929f4,65929.01,status_c40cfb41,2025-09-02
746,5736089,order_number_61f56e7f,14432.42,status_bef38657,2023-06-07
747,698464,order_number_e420889f,59017.84,status_3d761e6,2016-08-30
748,7263085,order_number_8e100ff4,41105.71,status_c1fb707b,2018-08-01
749,1271767,order_number_83619993,17309.82,status_2cfb6916,2025-12-19
750,1245617,order_number_e15bbcd9,89327.97,status_23268c1d,2024-11-11
751,5085137,order_number_8fa66365,26304.05,status_993c1260,2018-05-13
752,1914329,order_number_d5032241,76081.59,status_7f62fba9,2025-12-19
753,1094285,order_number_2d2559c2,35539.09,status_a54c029b,2020-11-09
754,7724204,order_number_9500984,26848.78,status_c93a942f,2017-06-09
755,4314591,order_number_631a679e,13860.84,status_d6c7bae2,2022-01-29
756,6745115,order_number_8c5e3646,80211.51,status_652c77f4,2019-01-24
757,3206037,order_number_b341fd15,79093.28,status_5e79f1bc,2021-07-31
758,8350090,order_number_7d0421fd,19701.22,status_bd3bd8cb,2017-08-21
759,928635,order_number_28656793,29427.65,status_d29355d8,2020-12-09
760,909197,order_number_db12fdde,22022.59,status_ee60f97a,2023-04-14
761,6273479,order_number_d040a91f,67680.85,status_a8c87727,2022-08-06
762,6378733,order_number_97b4cb73,34677.80,status_880885c1,2021-10-24
763,4653506,order_number_2e90c7df,96175.16,status_9d52543e,2024-07-14
764,1963718,order_number_840bf14b,56764.43,status_d507def1,2021-10-23
765,1535543,order_number_34ce392c,38851.93,status_cd63693c,2025-08-26
766,8495888,order_number_7c7bc47d,23782.79,status_34cb970b,2017-10-09
767,2017221,order_number_65b2bd0,6989.99,status_12feeaaf,2023-03-15
768,5468339,order_number_8444e100,96531.43,status_f71e16e0,2024-09-21
769,1053281,order_number_49281b41,89484.67,status_d7606232,2018-08-07
770,9326935,order_number_431629ff,24508.34,status_bbee3ac,2019-12-14
771,6739163,order_number_cf2d1fd,40242.50,status_699cfbaf,2020-07-09
772,5775529,order_number_7bbeb8ae,922.59,status_a6bc371d,2016-08-28
773,8295566,order_number_4faae352,32933.35,status_379ec98c,2026-01-07
774,891663,order_number_cfd42b57,15106.80,status_4a4f30cc,2024-03-06
775,9464102,order_number_56423d29,68053.31,status_8f4deb36,2019-04-15
776,2964554,order_number_b8617f8e,63196.33,status_8312e289,2023-10-30
777,6454607,order_number_57a5d0c3,708.75,status_296024bc,2020-12-13
778,1972125,order_number_d93639cd,13065.19,status_9c56912,2018-11-22
779,2604357,order_number_11880559,84545.30,status_5cd8e77e,2021-04-25
780,8001299,order_number_7b1ce1ef,97572.66,status_fd333908,2020-05-21
781,5959197,order_number_d388c222,37735.25,status_60b95b17,2018-03-27
782,2951084,order_number_e6371f3b,64354.11,status_a1bc5441,2019-09-19
783,4355277,order_number_d51aed32,95879.16,status_940730f,2025-08-29
784,2374298,order_number_7120d001,17295.45,status_36a34dc5,2025-10-29
785,3260154,order_number_aef05323,47042.53,status_1ff0d8fa,2025-06-27
786,5395135,order_number_2829a7f9,65149.24,status_472a6b17,2025-04-04
787,88884,order_number_817f9796,9792.77,status_9b3f3c09,2022-08-30
788,7932413,order_number_e61cfde1,24140.92,status_2c4dfa5,2025-10-22
789,2119266,order_number_de3e20de,77441.02,status_48bcbe3b,2022-08-27
790,1753566,order_number_e1a3cc0d,82800.01,status_f3e3a363,2024-02-14
791,8764538,order_number_e495797f,95852.95,status_8fd38cb2,2025-03-17
792,3822907,order_number_fe5750e6,63030.14,status_8556d009,2020-06-04
793,6702746,order_number_bc917046,65224.59,status_395f83d3,2019-08-27
794,6279497,order_number_24708391,18476.89,status_e16f5067,2021-05-21
795,5104523,order_number_93dce41c,31829.22,status_de99e141,2020-02-18
796,9516687,order_number_3156862b,70995.51,status_721813c9,2019-06-07
797,1823229,order_number_4c56b2ea,16855.52,status_4f18c4cb,2019-03-02
798,2242498,order_number_922cb264,48230.99,status_d22736e,2022-03-20
799,616067,order_number_d4f0432a,21842.90,status_86dc6eea,2024-09-04
800,3368445,order_number_35179e5e,19624.89,status_120d1a6e,2026-02-18
801,8356742,order_number_f482a5f1,87215.57,status_36831665,2023-08-15
802,3392475,order_number_214ad716,33653.16,status_66df18ae,2025-04-14
803,3534941,order_number_f57eeb96,50752.64,status_82ea82b,2020-07-29
804,9428329,order_number_c789dac9,1858.98,status_645ee7b0,2022-04-03
805,8715097,order_number_7f280750,80341.51,status_ea871b8c,2023-03-12
806,2395420,order_number_c9fc690f,47863.72,status_e7e59c60,2020-07-21
807,2333486,order_number_5ca81652,1315.22,status_88690a56,2017-01-08
808,398339,order_number_d9e579f,96183.47,status_697d5b31,2022-12-15
809,107119,order_number_87ad1d4f,94280.05,status_72c73f7f,2022-10-20
810,4109439,order_number_2f2f1200,80579.05,status_e80cf41f,2026-02-05
811,9087973,order_number_76c0e376,97902.69,status_ec22c061,2021-01-23
812,7367420,order_number_25d58f8a,88309.93,status_995c6279,2017-10-27
813,8324599,order_number_c5b88c3d,96157.85,status_560ec3ba,2016-11-11
814,701518,order_number_86a72e8c,79303.26,status_85bb587f,2022-12-30
815,5847197,order_number_8e988198,87046.50,status_179be6eb,2025-09-16
816,630998,order_number_ad1e5473,87788.42,status_df8e1133,2020-10-08
817,3622048,order_number_883b3670,49819.46,status_f3a20d26,2021-11-30
818,2619078,order_number_b884238,37535.19,status_dc58eaf0,2025-08-18
819,4840716,order_number_bc71d56e,22084.96,status_c1ac7d90,2017-07-03
820,3987181,order_number_394f0991,25987.93,status_23e1dba7,2016-11-09
821,5928942,order_number_90072281,8176.43,status_e28d5c82,2022-03-24
822,1417396,order_number_6f8f4a91,38956.30,status_75f233d2,2022-09-23
823,4766776,order_number_6f6a3da3,80169.17,status_59f9516f,2023-07-15
824,6845707,order_number_a9c32ab6,4803.83,status_4a536f78,2018-02-01
825,7761932,order_number_5569a3c6,12161.56,status_4f7a5e12,2020-10-26
826,7517336,order_number_fc221d9e,16000.35,status_db9894da,2016-07-13
827,5968024,order_number_3a214ef7,15480.00,status_2ca96cf9,2020-09-04
828,251530,order_number_e5f46cd7,10526.01,status_d3b1e6a0,2020-03-20
829,9516084,order_number_a6814111,24005.51,status_836c3c88,2017-03-17
830,9549241,order_number_44623f86,37569.30,status_3d030ba5,2020-09-12
831,7541414,order_number_936da49b,95555.23,status_215bd8fe,2016-04-09
832,4144570,order_number_808003da,53688.75,status_7fc250aa,2019-07-14
833,6044008,order_number_b6c615a8,35250.21,status_1f452330,2022-03-26
834,6823894,order_number_77e8db83,32954.60,status_cf41e09b,2016-06-15
835,789961,order_number_1fff20cc,98142.69,status_b66ebaf3,2018-02-01
836,1842120,order_number_542dd9a5,18520.20,status_dbf6ce30,2017-08-25
837,8642396,order_number_e9b5a886,79973.01,status_ac675b61,2019-10-21
838,1165898,order_number_9f4cc07,14690.22,status_c441e08,2017-04-28
839,2049848,order_number_ee3f39af,76188.02,status_7e061c86,2021-02-04
840,7168739,order_number_b580c265,40851.53,status_dd65ba96,2020-12-11
841,4349664,order_number_550975d1,6292.30,status_595f7120,2020-07-23
842,8928867,order_number_9de2de2e,32983.47,status_55b5eb76,2024-10-01
843,7448,order_number_42cc2e6e,57829.76,status_c4e9e866,2016-05-01
844,9217288,order_number_2f53fa1c,3005.64,status_13baa005,2024-11-11
845,8118991,order_number_a091a69d,99223.89,status_ad8c0b17,2017-01-20
846,8459561,order_number_f03bc64,77856.45,status_6da3294e,2020-09-18
847,3603511,order_number_35d44091,8191.42,status_d587e84c,2019-07-17
848,4513260,order_number_f153776f,71172.82,status_bba4f1ab,2024-10-09
849,8042382,order_number_3cfbb2e0,44907.33,status_b76b61b7,2018-03-22
850,5131451,order_number_328a2c59,14940.74,status_a289e8b0,2023-05-25
851,10130,order_number_589a4da0,79100.08,status_b067d04f,2025-07-14
852,4120046,order_number_64f1dfaf,73944.19,status_c40ec833,2018-07-22
853,7582326,order_number_15b6e9b6,99361.89,status_69d581aa,2018-06-12
854,2087479,order_number_459f8c23,68190.45,status_b3649b90,2021-05-09
855,8738492,order_number_eacd64f7,42580.13,status_186ca368,2016-12-14
856,4415916,order_number_9e202827,59797.67,status_80681c80,2018-06-30
857,3318833,order_number_cf0f1bd8,98188.08,status_2435c57c,2024-10-26
858,2284446,order_number_2aebbab3,42243.99,status_2eec1913,2017-07-19
859,3491461,order_number_315935e9,92214.44,status_8197fd41,2025-02-08
860,7499364,order_number_31b830a5,92138.18,status_45d13caf,2022-02-14
861,5557491,order_number_36b7e458,70616.25,status_8c0d328b,2019-11-06
862,3190091,order_number_e948d77b,51838.58,status_2025d22a,2020-07-09
863,4418438,order_number_402d721a,93564.73,status_25e90d43,2016-08-30
864,2637837,order_number_1184e34d,69644.97,status_f29774d,2016-11-07
865,4890735,order_number_eca14b9f,10319.26,status_21eaa52d,2019-04-26
866,3430980,order_number_b432855d,12068.41,status_d82d26d,2022-08-10
867,478866,order_number_d66e8017,28318.68,status_22a24edf,2018-09-06
868,2139193,order_number_5e57a59a,59770.68,status_b73d38d6,2020-10-25
869,6480942,order_number_1248c0aa,94440.20,status_3cd4f821,2021-11-17
870,9393010,order_number_fd039cd8,56317.30,status_d7a0693a,2020-10-02
871,8588592,order_number_bcd21a38,56389.02,status_b9fe4b1e,2024-04-24
872,8908175,order_number_30ec26b6,27804.85,status_96c1176f,2023-08-07
873,5061253,order_number_5a0fa481,24014.20,status_241e9339,2024-01-11
874,1280393,order_number_2584796f,26770.81,status_ad639710,2020-08-02
875,9511797,order_number_b8d6b5b9,82725.80,status_6764ef65,2018-01-15
876,8273958,order_number_7bb8d6fe,42432.31,status_cfb588e5,2017-07-24
877,6274130,order_number_74b2e3f9,5748.42,status_d4010d46,2019-08-21
878,925932,order_number_d7e74e5b,12335.21,status_bcec9b26,2018-05-08
879,8779305,order_number_894cce14,70197.43,status_67c8458b,2024-10-19
880,2863732,order_number_b77394ce,61592.56,status_37793ee7,2018-08-22
881,2823187,order_number_2b0d5bac,84018.18,status_fc72cd45,2019-06-03
882,5125436,order_number_61572e73,50817.05,status_48003d51,2025-03-10
883,1404308,order_number_498d70a2,62820.07,status_4230991f,2023-01-11
884,7486408,order_number_b3475a92,6030.05,status_4e766580,2020-03-22
885,3940,order_number_7c190237,19676.91,status_ea7d6c9,2018-11-18
886,8919961,order_number_b9f1b359,25037.83,status_6f40b015,2023-01-14
887,6291410,order_number_ecf9a473,43324.27,status_1eed55f3,2021-10-24
888,9921381,order_number_d5b8fa0f,29499.92,status_ae393fd9,2021-04-24
889,4965320,order_number_a4e914b3,60289.85,status_b3da2da9,2020-06-30
890,9550033,order_number_daa26fe7,48302.70,status_1e28270a,2019-09-17
891,4199404,order_number_843a8a6b,31187.85,status_c3992bee,2020-12-29
892,4554453,order_number_5d4630ef,97383.60,status_af1cdf2e,2024-09-06
893,9373484,order_number_d059c177,45799.00,status_fa8d7ceb,2018-09-04
894,8718991,order_number_3e2299da,83876.38,status_9a6b7d73,2025-01-21
895,5902713,order_number_8572519f,59666.38,status_90654411,2017-06-25
896,802761,order_number_cd23a28d,3633.12,status_1bd4f00f,2020-07-23
897,6644319,order_number_50b00d0e,90210.92,status_7dc4ecf2,2025-03-20
898,6677367,order_number_b99696be,79848.08,status_87b891b,2017-04-17
899,745366,order_number_18625bef,48037.08,status_253092c8,2019-11-15
900,1604358,order_number_4638301,39599.93,status_b531d9d9,2019-04-06
901,4176358,order_number_349eed74,99157.31,status_6d154e5,2017-12-11
902,6839052,order_number_7226581a,27430.36,status_cc87f570,2022-04-13
903,8641426,order_number_43bb2ee5,95445.23,status_740d9374,2016-10-20
904,7863234,order_number_697fff6c,88448.10,status_21ceac75,2023-10-03
905,75032,order_number_fd5cd796,55287.23,status_ddb93360,2017-07-13
906,8455015,order_number_7abcb2dd,93215.11,status_b7eec2e3,2019-12-16
907,7680331,order_number_f9970ccf,69799.36,status_1841f937,2018-04-03
908,4160185,order_number_cb01af86,52476.98,status_fe269851,2023-08-24
909,2389864,order_number_6ae73b0a,88272.28,status_81031a5e,2017-07-16
910,3122913,order_number_67151e09,8517.88,status_f6a7c67f,2023-02-27
911,7547366,order_number_32c85219,95683.91,status_35c120ff,2025-09-30
912,7961333,order_number_d5039c66,35692.82,status_e819ec9c,2019-09-11
913,2851356,order_number_307fa80b,58292.87,status_9b1e7a67,2024-09-24
914,8470477,order_number_daa6849f,69434.98,status_533bc5c9,2021-08-22
915,6725565,order_number_3368f2ee,73015.53,status_e2e350d7,2025-05-23
916,2996606,order_number_4beba892,44222.44,status_1f70d7c7,2018-05-20
917,1295392,order_number_dc189bb9,15463.41,status_3505f8f7,2020-06-14
918,5002473,order_number_320d16cc,55806.46,status_aa730ad9,2023-10-23
919,255735,order_number_7b38b50f,89119.36,status_ede9106b,2021-08-02
920,4339583,order_number_340f6549,37437.93,status_31ac663a,2023-01-13
921,470513,order_number_fa0e2e90,51672.03,status_ba41be30,2016-12-20
922,7812346,order_number_ef944654,85551.95,status_e65f8cb8,2020-10-19
923,6046693,order_number_ea1401f3,44187.76,status_7ef326da,2020-01-21
924,483732,order_number_d6aa10d,53683.72,status_e4b47b54,2022-01-22
925,3706605,order_number_29692127,64370.45,status_ed6765c2,2021-12-09
926,2502819,order_number_8ead5a3c,891.03,status_afb07fa,2018-07-18
927,2629593,order_number_656d22,59039.14,status_bebd09c1,2019-05-20
928,8505710,order_number_bf463b74,47925.29,status_6febc0a7,2017-07-08
929,7763897,order_number_4e49032c,87251.81,status_64d87f18,2022-03-02
930,9832969,order_number_f9b645bc,26280.16,status_5981a39c,2018-05-25
931,216810,order_number_75284acc,7238.21,status_efd8c985,2025-12-21
932,8424183,order_number_72f30a31,52070.64,status_828c772,2016-07-23
933,1822109,order_number_b62c709d,73487.28,status_310fc8c4,2017-06-09
934,2391824,order_number_a8b7ae64,34434.66,status_433dfe21,2016-10-12
935,4992951,order_number_5322f2af,35677.15,status_bca8c6e2,2017-11-16
936,8823081,order_number_b3cddb5f,686.38,status_c745d85f,2022-10-08
937,9175695,order_number_eee4a149,10932.28,status_7788932e,2024-10-03
938,3153929,order_number_b1f04d8e,19936.34,status_5ce3bee8,2017-10-28
939,336176,order_number_7dab8b28,50546.21,status_5d1cbdb3,2017-01-09
940,9828371,order_number_c6dee10e,39812.04,status_3da72d80,2020-08-31
941,9308410,order_number_5b53c687,2822.21,status_d272f679,2019-04-11
942,3753270,order_number_fd5f1906,71471.49,status_291a07d2,2019-12-24
943,9095987,order_number_8ed27898,33321.88,status_6d8cf101,2022-06-02
944,3177096,order_number_6ad01212,49980.27,status_31819285,2021-07-09
945,9883429,order_number_8ae3f336,14008.49,status_4d3ac7b6,2022-09-23
946,7111398,order_number_b644def6,88953.31,status_e7b76312,2017-05-09
947,9497537,order_number_fd71ccfa,65243.11,status_312f844f,2024-10-19
948,3352709,order_number_7aeb4c08,97723.26,status_9f11a740,2023-09-04
949,4398736,order_number_d02e89f7,93474.09,status_b3a6794e,2024-12-25
950,2824479,order_number_c8094114,44350.37,status_7fad0955,2023-08-27
951,7215854,order_number_5a153c3,22185.38,status_a7d14e25,2021-01-19
952,5266111,order_number_3a9242aa,75073.47,status_5c96405c,2022-05-03
953,9472837,order_number_12d26da7,75142.40,status_5c3e52ab,2024-06-16
954,1328015,order_number_224e3b10,92094.98,status_8ff79c13,2020-03-21
955,2689164,order_number_e9ab15fb,15525.90,status_84f4afdc,2024-05-09
956,2476710,order_number_1b6f8856,72070.96,status_76fea25a,2023-01-28
957,3314391,order_number_e6397020,96964.47,status_8a03ab26,2022-11-06
958,644697,order_number_988a039,2051.38,status_105fb036,2025-02-06
959,7419262,order_number_6914729a,1350.80,status_2f7e3eaa,2025-12-20
960,4094870,order_number_6cb93bda,42231.64,status_8f1792cd,2019-12-05
961,8576775,order_number_4d4bbb31,83740.87,status_4c831436,2023-07-17
962,7344565,order_number_696b3c70,94185.37,status_21a4c4ea,2023-01-24
963,6533577,order_number_36e42726,30207.69,status_81e849ef,2025-05-28
964,5593427,order_number_a6832782,90407.44,status_cd87bd8,2019-10-16
965,4564117,order_number_800a2fdd,12591.74,status_6b3b9ed8,2020-11-01
966,215946,order_number_ec158450,76736.45,status_8e1982c4,2021-01-29
967,9260682,order_number_5c3de48c,24760.70,status_dcd38abf,2021-03-10
968,2368376,order_number_968f5d65,22515.89,status_bd841de6,2023-07-02
969,2563209,order_number_7dfef7d1,26609.34,status_5970a83a,2017-10-16
970,2240432,order_number_2786009c,29730.40,status_74005f18,2022-11-15
971,7761773,order_number_c0f84c3c,32555.29,status_1df488b1,2025-12-19
972,7350975,order_number_5899cee,19206.58,status_73de8baa,2018-08-27
973,3466734,order_number_2da5c529,16874.14,status_8502d9ad,2017-11-18
974,261388,order_number_118be0e9,82399.28,status_ea5bff95,2018-12-11
975,3619739,order_number_153a7189,27227.90,status_5d127fe8,2018-11-29
976,9463428,order_number_f9630da7,13573.88,status_16046c58,2017-11-24
977,7561658,order_number_6f9b7c65,45238.87,status_152047cb,2020-08-24
978,5549928,order_number_d49a618d,29252.62,status_8ba6fa23,2019-10-03
979,1591161,order_number_75b23b40,12671.08,status_a54dd460,2016-04-05
980,358905,order_number_4cd91b4b,85368.47,status_74b5c022,2018-05-27
981,4522654,order_number_92cf44a6,99324.02,status_8fbadce4,2018-09-16
982,1624140,order_number_3cb3f0c9,36358.52,status_7042ccff,2022-09-17
983,6031339,order_number_e3d54187,1845.39,status_bb715e7b,2022-12-28
984,4709748,order_number_42537f0c,10588.77,status_9a68a2f6,2022-05-10
985,9618842,order_number_67553a2f,30947.67,status_fdff7ab0,2023-02-14
986,5220215,order_number_16623f34,51475.49,status_a0a62b15,2021-04-22
987,2455434,order_number_ed1a03fa,93258.27,status_efeb1ccc,2020-01-11
988,3935582,order_number_2272c222,91570.34,status_7776c977,2019-11-20
989,1849770,order_number_2e1d3f19,33346.86,status_53bf7f30,2025-08-01
990,7614988,order_number_c19ba769,42092.14,status_9da6f89e,2017-12-20
991,5693378,order_number_1b6f9401,93940.97,status_d56e1725,2022-12-18
992,6443292,order_number_a21c595,15396.60,status_ea72b43b,2021-05-03
993,8060210,order_number_76eea657,19336.49,status_cb2198e6,2016-07-23
994,8706429,order_number_d2cd98f2,10685.25,status_9fec93fc,2021-08-26
995,7578587,order_number_5eae0f76,45566.11,status_e1707edd,2020-11-26
996,5495198,order_number_42021b4d,60226.27,status_da67d544,2018-05-07
997,5137688,order_number_c1e3b4eb,9984.09,status_f83e1637,2021-11-18
998,3069494,order_number_3c46f274,41539.78,status_4ee346d3,2024-10-31
999,4948184,order_number_fe8a8775,99867.14,status_aaf65864,2021-06-27
1000,5721746,order_number_d6dc3c58,63505.29,status_22bb23c2,2023-02-14
